fecha,precio_ars_tn
2018-01-01,15447
2018-02-01,16524
2018-03-01,17362
2018-04-01,17957
2018-05-01,18223
2018-06-01,19498
2018-07-01,20944
2018-08-01,22095
2018-09-01,26509
2018-10-01,27529
2018-11-01,28112
2018-12-01,26832
2019-01-01,28341
2019-02-01,27660
2019-03-01,27660
2019-04-01,28734
2019-05-01,29739
2019-06-01,30482
2019-07-01,31549
2019-08-01,31549
2019-09-01,33618
2019-10-01,35635
2019-11-01,38486
2019-12-01,44121
2021-01-01,77300
2021-02-01,86875
2021-03-01,89975
2021-04-01,90300
2021-05-01,92558
2021-09-01,122453
2021-10-01,124900
2021-11-01,127400
2021-12-01,131859
2022-01-01,135700
2022-02-01,139771
2022-03-01,143265
2022-04-01,179451
2022-05-01,182143
2022-06-01,185785
2022-07-01,194297
2022-08-01,198143
2022-09-01,220000
2022-12-01,251680
2023-01-01,261747
2023-02-01,272217
2023-03-01,283106
2023-06-01,318455
2023-11-01,520000
2023-12-01,686986
2024-02-01,940334
2024-05-01,938540
2024-06-01,951285
2024-08-01,965554
2024-09-01,984865
2024-10-01,1004562
2024-11-01,1023649
2024-12-01,1064595
2025-01-01,1085887
2025-02-01,1107605
2025-03-01,1151909
2025-04-01,1192226
2025-05-01,1251837
2025-06-01,1276874
2025-07-01,1302411
2025-08-01,1354507
2025-09-01,1436861
2025-10-01,1590832
2025-11-01,1688961
2025-12-01,1775230
2026-01-01,1797881
2026-02-01,1842796
2026-04-01,1808690
2026-05-01,1808425
2026-06-01,1858424
2026-07-01,1924080
2026-08-01,2001063
2026-09-01,2012598
