fecha,precio_cana_ars_l,precio_maiz_ars_l
2018-06-01,18.0,15.162
2018-07-01,19.143,15.919
2018-08-01,20.248,16.234
2018-09-01,21.097,17.216
2018-10-01,21.999,18.318
2018-11-01,21.274,19.846
2018-12-01,22.16,19.455
2019-01-01,22.226,20.218
2019-02-01,22.547,20.726
2019-03-01,22.547,20.726
2019-04-01,22.732,20.867
2019-05-01,23.409,21.27
2019-06-01,24.073,21.801
2019-07-01,24.916,22.564
2019-08-01,25.663,23.241
2019-09-01,25.663,23.241
2019-10-01,27.203,24.635
2019-11-01,28.845,26.606
2019-12-01,29.808,29.808
2021-01-01,43.6,43.6
2021-02-01,47.8,47.8
2021-03-01,48.7,48.7
2021-04-01,49.6,49.6
2021-05-01,51.132,51.132
2021-09-01,59.35,59.35
2022-04-01,73.11,94.93
2022-06-01,80.561,98.28
2022-07-01,80.561,100.74
2022-08-01,88.24,103.76
2022-09-01,88.24,107.411
2022-10-01,92.699,112.839
2023-01-01,129.309,129.309
2023-12-01,348.539,361.167
2024-02-01,584.18,536.983
2024-05-01,622.0,570.0
2024-06-01,635.0,582.0
2024-08-01,644.525,590.73
2024-09-01,657.416,602.545
2024-10-01,670.564,614.596
2024-11-01,683.305,626.273
2024-12-01,703.804,645.061
2025-02-01,717.88,657.962
2025-03-01,746.595,684.28
2025-04-01,772.726,708.23
2025-05-01,788.181,722.395
2025-06-01,792.122,726.0
2025-07-01,800.043,733.26
2025-08-01,824.044,755.258
2025-09-01,857.006,785.468
2025-10-01,891.286,816.887
2025-11-01,918.025,841.394
2025-12-01,963.926,883.464
2026-01-01,976.457,894.949
2026-02-01,1000.868,917.323
2026-05-01,1005.872,921.91
2026-06-01,1023.152,937.75
2026-07-01,1043.615,956.505
2026-08-01,1061.878,973.244
2026-09-01,1072.497,982.976
