fecha,produccion_total_m3,ventas_total_m3,produccion_maiz_m3,ventas_maiz_m3,produccion_cana_m3,ventas_cana_m3,provisorio
2009-11-01,858.0,0.0,0.0,0.0,858.0,0.0,False
2009-12-01,22439.0,2664.0,0.0,0.0,22439.0,2664.0,False
2010-01-01,771.0,6188.0,0.0,0.0,771.0,6188.0,False
2010-02-01,4791.0,6718.0,0.0,0.0,4791.0,6718.0,False
2010-03-01,4445.0,9585.0,0.0,0.0,4445.0,9585.0,False
2010-04-01,4549.0,8247.0,0.0,0.0,4549.0,8247.0,False
2010-05-01,5210.0,7892.0,0.0,0.0,5210.0,7892.0,False
2010-06-01,12069.0,9279.0,0.0,0.0,12069.0,9279.0,False
2010-07-01,14575.0,10927.0,0.0,0.0,14575.0,10927.0,False
2010-08-01,15258.0,11620.0,0.0,0.0,15258.0,11620.0,False
2010-09-01,17729.0,11201.0,0.0,0.0,17729.0,11201.0,False
2010-10-01,22145.0,11259.0,0.0,0.0,22145.0,11259.0,False
2010-11-01,17654.0,12129.0,0.0,0.0,17654.0,12129.0,False
2010-12-01,5734.0,12761.0,0.0,0.0,5734.0,12761.0,False
2011-01-01,7775.0,10892.0,0.0,0.0,7775.0,10892.0,False
2011-02-01,4239.0,10064.0,0.0,0.0,4239.0,10064.0,False
2011-03-01,4427.0,11329.0,0.0,0.0,4427.0,11329.0,False
2011-04-01,5938.0,10581.0,0.0,0.0,5938.0,10581.0,False
2011-05-01,5081.0,10655.0,0.0,0.0,5081.0,10655.0,False
2011-06-01,18209.0,12451.0,0.0,0.0,18209.0,12451.0,False
2011-07-01,21344.0,16544.0,0.0,0.0,21344.0,16544.0,False
2011-08-01,20285.0,16023.0,0.0,0.0,20285.0,16023.0,False
2011-09-01,23841.0,16934.0,0.0,0.0,23841.0,16934.0,False
2011-10-01,23626.0,16848.0,0.0,0.0,23626.0,16848.0,False
2011-11-01,21336.0,16183.0,0.0,0.0,21336.0,16183.0,False
2011-12-01,17522.0,16888.0,0.0,0.0,17522.0,16888.0,False
2012-01-01,17295.0,17391.0,0.0,0.0,17295.0,17391.0,False
2012-02-01,8261.0,16573.0,0.0,0.0,8261.0,16573.0,False
2012-03-01,9420.0,18130.0,0.0,0.0,9420.0,18130.0,False
2012-04-01,8026.0,16447.0,0.0,0.0,8026.0,16447.0,False
2012-05-01,9710.0,13945.0,0.0,0.0,9710.0,13945.0,False
2012-06-01,22395.0,17398.0,0.0,0.0,22395.0,17398.0,False
2012-07-01,28509.0,18951.0,0.0,0.0,28509.0,18951.0,False
2012-08-01,24617.0,19189.0,0.0,0.0,24617.0,19189.0,False
2012-09-01,32106.0,20731.0,3373.0,1937.0,28733.0,18794.0,False
2012-10-01,33540.0,25022.0,5526.0,5515.0,28014.0,19507.0,False
2012-11-01,28740.0,25572.0,4801.0,4954.0,23939.0,20618.0,False
2012-12-01,27870.0,28494.0,6800.0,4989.0,21070.0,23505.0,False
2013-01-01,22087.0,32389.0,7690.0,8489.0,14397.0,23900.0,False
2013-02-01,18891.0,31533.0,7287.0,8277.0,11604.0,23256.0,False
2013-03-01,27122.0,32987.0,9913.0,9859.0,17209.0,23128.0,False
2013-04-01,31757.0,33715.0,10349.0,9908.0,21408.0,23807.0,False
2013-05-01,31832.0,37967.0,12026.0,12387.0,19806.0,25580.0,False
2013-06-01,40810.0,35142.0,12170.0,11348.0,28640.0,23794.0,False
2013-07-01,50613.0,41904.0,12458.0,13005.0,38155.0,28899.0,False
2013-08-01,61897.0,44226.0,24224.0,16425.0,37673.0,27801.0,False
2013-09-01,49433.0,43414.0,15269.0,17383.0,34164.0,26031.0,False
2013-10-01,50063.0,45572.0,15951.0,19633.0,34112.0,25939.0,False
2013-11-01,47499.0,47445.0,18786.0,21794.0,28713.0,25651.0,False
2013-12-01,40376.0,48458.0,21471.0,20635.0,18905.0,27823.0,False
2014-01-01,42428.0,53039.0,22848.0,23126.0,19580.0,29913.0,False
2014-02-01,39043.0,49528.0,24005.0,24759.0,15038.0,24769.0,False
2014-03-01,41799.0,52301.0,23942.0,23438.0,17857.0,28863.0,False
2014-04-01,48837.0,52185.0,30479.0,28565.0,18358.0,23620.0,False
2014-05-01,52703.0,53003.0,35032.0,33965.0,17671.0,19038.0,False
2014-06-01,60959.0,52466.0,32735.0,28602.0,28224.0,23864.0,False
2014-07-01,59677.0,54936.0,33191.0,31642.0,26486.0,23294.0,False
2014-08-01,62947.0,50517.0,34043.0,28936.0,28904.0,21581.0,False
2014-09-01,59644.0,52484.0,26968.0,29657.0,32676.0,22827.0,False
2014-10-01,72174.0,59996.0,36784.0,34277.0,35390.0,25719.0,False
2014-11-01,71396.0,63193.0,37655.0,36637.0,33741.0,26556.0,False
2014-12-01,59514.0,69454.0,33575.0,41296.0,25939.0,28158.0,False
2015-01-01,53786.0,66577.0,36628.0,37009.0,17158.0,29568.0,False
2015-02-01,51625.0,61674.0,34054.0,37057.0,17571.0,24617.0,False
2015-03-01,64599.0,68105.0,44049.0,41149.0,20550.0,26956.0,False
2015-04-01,60217.0,66346.0,39129.0,38594.0,21088.0,27752.0,False
2015-05-01,54562.0,63256.0,35651.0,37854.0,18911.0,25402.0,False
2015-06-01,74464.0,64446.0,42783.0,37959.0,31681.0,26487.0,False
2015-07-01,78868.0,66255.0,40661.0,39528.0,38207.0,26728.0,False
2015-08-01,72603.0,64203.0,39692.0,38581.0,32911.0,25622.0,False
2015-09-01,73144.0,66908.0,35391.0,38986.0,37753.0,27922.0,False
2015-10-01,86136.0,69577.0,46638.0,41073.0,39498.0,28503.0,False
2015-11-01,73433.0,69122.0,40450.0,41720.0,32984.0,27402.0,False
2015-12-01,71970.0,77171.0,44138.0,46059.0,27832.0,31112.0,False
2016-01-01,66620.0,74141.0,45024.0,44399.0,21596.0,29742.0,False
2016-02-01,65050.0,67947.0,40894.0,39790.0,24156.0,28157.0,False
2016-03-01,65050.0,70577.0,45938.0,42603.0,19112.0,27974.0,False
2016-04-01,60670.0,66480.0,40211.0,39080.0,20459.0,27400.0,False
2016-05-01,62659.0,64774.0,38618.0,33800.0,24041.0,30974.0,False
2016-06-01,60695.0,67444.0,31724.0,34775.0,28972.0,32669.0,False
2016-07-01,71659.0,73660.0,37686.0,38114.0,33973.0,35547.0,False
2016-08-01,87669.0,79650.0,45347.0,42712.0,42323.0,36938.0,False
2016-09-01,92162.0,82436.0,43208.0,41112.0,48954.0,41324.0,False
2016-10-01,84945.9,84863.88,35582.64,43274.3,49363.26,41589.58,False
2016-11-01,87028.27543,85986.13848,40976.52555,43097.46974,46051.74984,42888.66874,False
2016-12-01,85736.0,92932.0,44628.55,47770.0,41107.68,45162.0,False
2017-01-01,84345.28796777572,90931.03577359165,46550.85695288125,45492.66041820364,37794.43101489447,45438.37535538801,False
2017-02-01,80095.56,84868.62,44488.99,42901.15,35606.57,41967.47,False
2017-03-01,82796.55,87474.12,44100.380000000005,43478.59,38696.17,43995.53,False
2017-04-01,80573.26,86436.59,45218.39,43977.59,35354.869999999995,42458.99999999999,False
2017-05-01,84274.98999999999,84804.85999999999,40222.39,43912.59,44052.6,40892.27,False
2017-06-01,92959.41,88154.42000000001,41800.21000000001,44092.8,51159.2,44061.62,False
2017-07-01,97319.65,88044.31,43395.82,44080.6,53923.829999999994,43963.71,False
2017-08-01,104563.28,90469.31,48852.49,45398.56,55710.79,45070.75000000001,False
2017-09-01,102827.72,89375.04000000001,47482.68,44625.34,55345.04,44749.700000000004,False
2017-10-01,111264.81,92166.14,50849.979999999996,46075.31,60414.83,46090.83,False
2017-11-01,96565.42,94110.56,47841.45,49530.770000000004,48723.97,44579.78999999999,False
2017-12-01,87520.9,100039.6,51159.89,57177.65,36361.01,42861.950000000004,False
2018-01-01,83694.36,98469.4,50443.299999999996,54715.65999999999,33251.060000000005,43753.74,False
2018-02-01,80920.94,88478.52,45592.72,45030.36,35328.22,43448.16,False
2018-03-01,67486.43,86275.33,49518.89,46509.49,17967.54,39765.840000000004,False
2018-04-01,75058.45000000001,89909.93000000001,50536.840000000004,49261.93000000001,24521.61,40648.0,False
2018-05-01,87942.17000000001,87281.23000000001,49606.44,49603.560000000005,38335.73,37677.67,False
2018-06-01,106737.18,86604.95999999999,49483.52,44873.99999999999,57253.65999999999,41730.96,False
2018-07-01,107270.92,87766.51,46815.15,47675.619999999995,60455.77,40090.89,False
2018-08-01,107314.93000000002,91305.4,47953.23,46719.47,59361.70000000001,44585.93,False
2018-09-01,106008.77,83504.20999999999,46146.39,43295.26,59862.380000000005,40208.95,False
2018-10-01,103205.34,85770.87000000001,48608.34,41902.090000000004,54597.0,43868.780000000006,False
2018-11-01,98535.20999999999,86095.35999999999,48980.79,44901.81,49554.42,41193.54999999999,False
2018-12-01,89606.1,92406.08000000002,51933.03,48468.170000000006,37673.07000000001,43937.91,False
2019-01-01,70319.64000000001,89033.98999999999,39814.850000000006,44600.52,30504.79,44433.47,False
2019-02-01,68395.79000000001,86264.69,41685.16,43739.46,26710.629999999997,42525.23,False
2019-03-01,76836.59,88854.73,47938.54,46077.43,28898.049999999996,42777.299999999996,False
2019-04-01,67240.73,84323.5,49951.96,43835.979999999996,17288.769999999997,40487.520000000004,False
2019-05-01,85164.23000000001,89422.38,47847.780000000006,44809.5,37316.450000000004,44612.88,False
2019-06-01,94835.26000000001,82122.89,44651.270000000004,44150.72,50183.99,37972.17,False
2019-07-01,96383.4,89017.02,38716.96,44596.36,57666.439999999995,44420.66,False
2019-08-01,111191.3,86713.46,45613.350000000006,43931.11,65577.95,42782.350000000006,False
2019-09-01,109774.16,90390.31,48040.72,44773.11,61733.44,45617.200000000004,False
2019-10-01,103182.69,91768.18,49087.28,48101.09,54095.41,43667.090000000004,False
2019-11-01,103745.29000000001,88069.26199999999,47570.97,45099.810999999994,56174.32000000001,42969.451,False
2019-12-01,86426.41,97437.57900000001,52909.95,55604.70700000001,33516.46,41832.872,False
2020-01-01,76799.33,95902.98000000001,54415.31,55964.085999999996,22384.02,39938.89400000001,False
2020-02-01,70153.73999999999,87547.902,47194.07,44588.01900000001,22959.67,42959.882999999994,False
2020-03-01,68643.75,77686.62999999998,47951.990000000005,40749.69999999999,20691.760000000002,36936.92999999999,False
2020-04-01,15882.0,9983.279999999999,15613.81,5408.75,268.19,4574.53,False
2020-05-01,26088.379999999997,42578.1,14067.24,21359.510000000002,12021.14,21218.589999999997,False
2020-06-01,67448.54999999999,55227.893,32633.0,28280.962999999996,34815.549999999996,26946.93,False
2020-07-01,84819.81,62065.759999999995,41766.100000000006,34421.08,43053.71,27644.679999999993,False
2020-08-01,77825.98999999999,60815.92,33226.299999999996,33335.65,44599.69,27480.269999999997,False
2020-09-01,80817.67,62900.06100000001,36632.28,32670.944000000003,44185.39,30229.117000000006,False
2020-10-01,69434.44,61297.17,23107.77,24706.170000000002,46326.67,36591.0,False
2020-11-01,88775.68,68028.3,32869.65,27331.3,55906.03,40697.0,False
2020-12-01,82035.19,80294.66999999998,44097.31,40668.12999999999,37937.880000000005,39626.53999999999,False
2021-01-01,60992.0,82804.0,39558.0,45329.0,21434.0,37474.0,False
2021-02-01,67133.0,81392.0,44291.0,40010.0,22841.0,41381.0,False
2021-03-01,79917.0,88747.0,43792.0,45217.0,36125.0,43530.0,False
2021-04-01,68795.0,84076.0,46454.0,45624.0,22341.0,38452.0,False
2021-05-01,60027.0,71512.0,40553.0,38426.0,19474.0,33086.0,False
2021-06-01,74127.0,58340.0,32609.0,31124.0,41518.0,27216.0,False
2021-07-01,98488.0,78768.0,42640.0,38013.0,55848.0,40756.0,False
2021-08-01,102056.0,88750.0,47188.0,46735.0,54869.0,42016.0,False
2021-09-01,106134.0,88221.0,49201.0,46529.0,56933.0,41693.0,False
2021-10-01,101150.0,87761.0,41219.0,44396.0,59932.0,43365.0,False
2021-11-01,101838.0,92378.0,50456.0,47855.0,51382.0,44524.0,False
2021-12-01,87400.0,95757.0,55967.0,53348.0,31433.0,42409.0,False
2022-01-01,79107.20000000001,91621.08000000003,50048.39,51189.750000000015,29058.810000000005,40431.330000000016,False
2022-02-01,75255.38,107320.72999999998,44276.44,44820.17,30978.94,62500.55999999998,False
2022-03-01,67347.02,76503.16,49320.630000000005,48434.74999999999,18026.39,28068.410000000003,False
2022-04-01,67557.93000000001,77335.05999999997,58939.36,55418.17999999998,8618.570000000002,21916.879999999997,False
2022-05-01,84229.78,87606.75,61742.92,58990.96000000001,22486.86,28615.79,False
2022-06-01,108809.44,89788.0,58475.95999999999,54972.740000000005,50333.48,34815.259999999995,False
2022-07-01,114000.53,90929.14199999999,61095.450000000004,52012.136000000006,52905.08,38917.005999999994,False
2022-08-01,118536.98000000001,96996.64000000001,64853.11,56127.200000000004,53683.87,40869.44,False
2022-09-01,119621.76999999999,97302.95999999999,64163.06,56224.05,55458.70999999999,41078.909999999996,False
2022-10-01,125168.36000000002,101259.74999999999,67268.69,62459.63999999999,57899.67000000001,38800.10999999999,False
2022-11-01,104462.54000000001,101878.407,56465.13,61764.83800000001,47997.41,40113.569,False
2022-12-01,94744.41999999998,107616.58700000001,66203.76999999999,69118.872,28540.649999999998,38497.71500000001,False
2023-01-01,95216.62,103136.766,70739.76,66481.149,24476.86,36655.617000000006,False
2023-02-01,79498.07,92533.448,60501.36,57928.829,18996.71,34604.619000000006,False
2023-03-01,79034.28000000001,91473.14600000001,66694.76000000001,61022.65300000001,12339.52,30450.493000000002,False
2023-04-01,81745.88,89608.65299999999,66442.1,62450.96399999999,15303.779999999999,27157.688999999995,False
2023-05-01,81190.56,90056.50200000001,65314.33,62343.413000000015,15876.23,27713.088999999993,False
2023-06-01,86671.95000000001,89971.579,52189.600000000006,58185.807,34482.350000000006,31785.771999999997,False
2023-07-01,110786.82,95775.23800000001,67602.34,61381.95500000001,43184.48,34393.283,False
2023-08-01,111210.51,100798.713,67642.6,62442.950000000004,43567.90999999999,38355.763,False
2023-09-01,105858.98,100284.57400000001,66631.53,62495.86700000001,39227.45,37788.706999999995,False
2023-10-01,108685.76000000001,95454.50399999999,64053.22,57191.704,44632.54,38262.79999999999,False
2023-11-01,108139.71,90275.53,58692.25,57881.47499999999,49447.46000000001,32394.055,False
2023-12-01,108663.81999999999,97485.94400000005,70243.54,65496.28000000005,38420.28,31989.663999999997,False
2024-01-01,102957.72,104191.10700000002,68971.47,67237.99600000003,33986.25,36953.11099999999,False
2024-02-01,72547.83000000002,94445.57800000001,56948.46000000001,56125.80100000001,15599.370000000003,38319.777,False
2024-03-01,77717.90000000001,88223.44,58153.82000000001,45788.17999999999,19564.08,42435.26000000001,False
2024-04-01,73518.5,86923.13799999999,51774.520000000004,45771.710999999996,21743.980000000003,41151.426999999996,False
2024-05-01,95399.0,87326.478,62700.98,45043.106,32698.020000000004,42283.371999999996,False
2024-06-01,116964.0,88794.563,64509.75,44458.531,52454.25,44336.032,False
2024-07-01,121475.73000000001,94298.30099999999,62346.05,47293.33399999999,59129.68000000001,47004.967000000004,False
2024-08-01,123180.39,93128.56,58536.14,46588.164,64644.25,46540.39600000001,False
2024-09-01,118664.67000000001,90041.14399999999,59241.25,45097.03099999999,59423.42000000001,44944.113,False
2024-10-01,113364.03,96877.17199999999,58552.41,48627.879,54811.619999999995,48249.29299999999,False
2024-11-01,93813.58000000002,94985.69899999998,57067.89000000001,47625.585999999996,36745.69,47360.11299999998,False
2024-12-01,97914.01,104794.76000000001,70137.01,56132.57800000001,27777.0,48662.182,False
2025-01-01,99412.73,102243.837,66084.84,54171.05099999999,33327.89,48072.786,False
2025-02-01,89746.08000000002,96807.94099999999,60767.79000000001,51407.371,28978.29,45400.56999999999,False
2025-03-01,94684.82,101595.83,69438.16,57784.21,25246.66,43811.62,False
2025-04-01,88223.86,90899.8,61477.82,51379.6,26746.04,39520.2,False
2025-05-01,100442.38,102106.86,68665.98,61895.81,31776.4,40211.05,False
2025-06-01,113706.02,96067.73,57993.12,48746.48,55712.9,47321.25,False
2025-07-01,128438.2,98850.96,66969.03,49463.54,61469.17,49387.42,False
2025-08-01,137373.4,96444.37,69590.77,48268.65,67782.63,48175.72,False
2025-09-01,116878.04,93460.29,57506.55,46744.96,59371.49,46715.33,True
2025-10-01,113031.74,96653.31,56781.55,48386.04,56250.19,48267.27,True
2025-11-01,115067.4,100511.4,65081.87,51208.56,49985.53,49302.83,True
2025-12-01,97879.24,105412.62,65267.72,56529.32,32611.52,48884.3,True
2026-01-01,95946.0,103742.0,62776.0,56283.0,33170.0,47459.0,True
2026-02-01,99464.81,102465.95,69980.28,58200.94,29484.53,44265.01,True
2026-03-01,100773.01,99193.36,70109.42,56974.17,30663.59,42219.19,True
2026-04-01,80017.44,89326.64,66229.96,58292.08,13787.48,31034.55,True
2026-05-01,102404.79,92844.88,68786.37,57460.55,33618.42,35384.34,True
2026-06-01,113204.07,90248.65,64872.36,46604.48,48331.71,43644.17,True
2026-07-01,136862.89,98347.62,73272.73,49388.01,63590.16,48959.61,True
2026-08-01,139521.0,92985.91,74649.56,46976.19,64872.27,46009.72,True
