fecha,maiz_ars_tn,soja_ars_tn
2018-01-01,2878.409090909091,5133.636363636364
2018-02-01,3241.1111111111113,5822.5
2018-03-01,3454.25,5952.15
2018-04-01,3653.157894736842,6180.263157894737
2018-05-01,4278.571428571428,7192.857142857143
2018-06-01,4258.0,7474.0
2018-07-01,4289.523809523809,7715.714285714285
2018-08-01,4598.636363636364,7812.272727272727
2018-09-01,5213.1578947368425,9539.736842105263
2018-10-01,4913.809523809524,9412.857142857143
2018-11-01,4809.523809523809,8951.904761904761
2018-12-01,5463.611111111111,9081.666666666666
2019-01-01,5545.909090909091,9244.545454545454
2019-02-01,5392.5,9290.75
2019-03-01,5639.210526315789,9394.473684210527
2019-04-01,5749.473684210527,9300.263157894737
2019-05-01,6396.590909090909,9821.818181818182
2019-06-01,6951.666666666667,9932.777777777777
2019-07-01,6293.333333333333,9657.142857142857
2019-08-01,6648.761904761905,12490.52380952381
2019-09-01,7187.476190476191,13311.238095238095
2019-10-01,7776.8,14091.3
2019-11-01,8744.9,14909.5
2019-12-01,8334.473684210527,14626.315789473685
2020-01-01,9076.318181818182,15345.454545454546
2020-02-01,8850.388888888889,14752.388888888889
2020-03-01,8618.157894736842,13932.631578947368
2020-04-01,8408.05,13670.8
2020-05-01,8027.473684210527,14533.157894736842
2020-06-01,8534.285714285714,15385.714285714286
2020-07-01,9277.857142857143,16695.95238095238
2020-08-01,10290.45,17871.75
2020-09-01,11967.5,20435.454545454544
2020-10-01,14528.380952380952,24874.04761904762
2020-11-01,15464.85,27275.9
2020-12-01,16424.444444444445,27634.444444444445
2021-01-01,17478.5,29287.75
2021-02-01,17862.5,29160.0
2021-03-01,17794.863636363636,29960.909090909092
2021-04-01,19509.21052631579,30853.473684210527
2021-05-01,20900.526315789473,32406.473684210527
2021-06-01,18650.95238095238,30427.904761904763
2021-07-01,17968.809523809523,31593.095238095237
2021-08-01,18390.0,32872.857142857145
2021-09-01,19417.52380952381,33742.619047619046
2021-10-01,19056.57894736842,34628.15789473684
2021-11-01,20033.095238095237,35186.666666666664
2021-12-01,22130.0,36807.75
2022-01-01,23828.52380952381,40184.666666666664
2022-02-01,25572.36842105263,44925.68421052631
2022-03-01,30324.95238095238,50211.19047619047
2022-04-01,29842.36842105263,49359.73684210526
2022-05-01,31372.25,49882.0
2022-06-01,30697.5,49290.3
2022-07-01,28753.571428571428,48899.28571428572
2022-08-01,30302.409090909092,51780.454545454544
2022-09-01,33756.80952380953,66723.80952380953
2022-10-01,37116.84210526316,57153.68421052631
2022-11-01,39355.47619047619,67999.52380952382
2022-12-01,43314.0,94987.5
2023-01-01,46738.954545454544,81533.18181818182
2023-02-01,49926.666666666664,86821.11111111111
2023-03-01,50778.40909090909,87740.90909090909
2023-04-01,50458.333333333336,99100.0
2023-05-01,48223.25,103475.0
2023-06-01,48622.75,90790.0
2023-07-01,51485.71428571428,95400.0
2023-08-01,61975.90909090909,117927.27272727272
2023-09-01,68933.33333333333,157214.2857142857
2023-10-01,86392.5,180090.0
2023-11-01,100852.38095238095,199895.2380952381
2023-12-01,138652.9411764706,249294.11764705883
2024-01-01,155463.63636363635,270840.9090909091
2024-02-01,144989.47368421053,251660.52631578947
2024-03-01,147226.31578947368,252150.0
2024-04-01,152745.0,249890.0
2024-05-01,160895.45454545456,274395.45454545453
2024-06-01,162582.35294117648,285882.35294117645
2024-07-01,155147.72727272726,285704.54545454547
2024-08-01,160981.81818181818,288831.8181818182
2024-09-01,169285.7142857143,298471.4285714286
2024-10-01,179786.36363636365,307063.63636363635
2024-11-01,183265.0,300760.0
2024-12-01,183478.94736842104,289347.36842105264
2025-01-01,205928.57142857142,295733.3333333333
2025-02-01,217930.0,325665.0
2025-03-01,208605.55555555556,329111.1111111111
2025-04-01,224000.0,314394.7368421053
2025-05-01,210400.0,310600.0
2025-06-01,202842.1052631579,322047.36842105264
2025-07-01,218425.72727272726,335636.36363636365
2025-08-01,231449.75,389640.0
2025-09-01,249585.45454545456,436877.2727272727
2025-10-01,254919.72727272726,482886.36363636365
2025-11-01,262009.72222222222,485166.6666666667
2025-12-01,275384.4210526316,495684.2105263158
2026-01-01,278655.0,489506.1904761905
2026-02-01,253156.38888888888,466250.0
2026-03-01,243569.75,466150.0
2026-04-01,256038.95,431875.0
2026-05-01,257954.8947368421,455000.0
2026-06-01,259120.47619047618,466190.4761904762
2026-07-01,272592.90476190473,494214.28571428574
2026-08-01,271437.5,518425.0
2026-09-01,291464.0,558500.0
