fecha,tc_promedio_mes,tc_cierre_mes
2018-01-01,19.038,19.65
2018-02-01,19.833055555555557,20.11
2018-03-01,20.242150000000002,20.149
2018-04-01,20.23342105263158,20.54
2018-05-01,23.728285714285715,24.96
2018-06-01,26.616500000000002,28.85
2018-07-01,27.574142857142856,27.41
2018-08-01,30.16522727272727,36.85
2018-09-01,38.5341,41.25
2018-10-01,37.05681818181818,35.95
2018-11-01,36.48447368421053,37.72
2018-12-01,37.82763157894737,37.7
2019-01-01,37.388409090909086,37.35
2019-02-01,38.40445,39.15
2019-03-01,41.51578947368421,43.35
2019-04-01,43.26289473684211,44.15
2019-05-01,44.877272727272725,44.76
2019-06-01,43.73072222222223,42.463
2019-07-01,42.580000000000005,43.88
2019-08-01,52.59142857142857,59.51
2019-09-01,56.46333333333333,57.59
2019-10-01,58.539863636363634,59.67
2019-11-01,59.74526315789474,59.94
2019-12-01,59.87555,59.89
2020-01-01,60.010318181818185,60.35
2020-02-01,61.35611111111112,62.21
2020-03-01,63.12405263157895,64.469
2020-04-01,65.76385,66.84
2020-05-01,67.72842105263157,68.54
2020-06-01,69.54238095238095,70.46
2020-07-01,71.47952380952381,72.32
2020-08-01,73.298,74.18
2020-09-01,75.20363636363636,76.18
2020-10-01,77.58428571428571,78.32
2020-11-01,79.94105263157896,81.31
2020-12-01,82.71789473684211,84.15
2021-01-01,85.9755,87.33
2021-02-01,88.67444444444445,89.82
2021-03-01,91.06590909090909,92.0
2021-04-01,92.864,93.56
2021-05-01,94.1042105263158,94.73
2021-06-01,95.25428571428571,95.72
2021-07-01,96.23476190476191,96.69
2021-08-01,97.21095238095238,97.74
2021-09-01,98.2790909090909,98.74
2021-10-01,99.24947368421053,99.72
2021-11-01,100.31238095238095,100.96
2021-12-01,101.92571428571429,102.72
2022-01-01,103.98809523809524,105.02
2022-02-01,106.30473684210526,107.45
2022-03-01,109.45523809523809,111.01
2022-04-01,113.33736842105263,115.31
2022-05-01,117.77449999999999,120.2
2022-06-01,122.74249999999999,125.23
2022-07-01,128.45190476190479,131.27
2022-08-01,135.30409090909092,138.73
2022-09-01,143.63047619047617,147.32
2022-10-01,152.5894736842105,156.91
2022-11-01,162.12333333333333,167.28
2022-12-01,172.899,177.16
2023-01-01,182.24454545454546,187.0
2023-02-01,191.89,197.15
2023-03-01,203.11,209.01
2023-04-01,216.56611111111113,222.68
2023-05-01,231.20749999999998,239.5
2023-06-01,248.775,256.7
2023-07-01,266.42619047619047,275.25
2023-08-01,322.12954545454545,350.0
2023-09-01,350.00476190476195,349.95
2023-10-01,350.02,350.0
2023-11-01,353.8175,360.5
2023-12-01,643.0710526315789,808.45
2024-01-01,818.3136363636364,826.4
2024-02-01,834.8842105263158,842.2
2024-03-01,850.1842105263158,858.0
2024-04-01,868.875,876.5
2024-05-01,886.7045454545455,895.5
2024-06-01,903.8235294117648,912.0
2024-07-01,923.6363636363636,932.0
2024-08-01,942.7954545454545,953.5
2024-09-01,961.8095238095239,970.5
2024-10-01,981.4090909090909,992.0
2024-11-01,1001.7105263157895,1011.5
2024-12-01,1021.275,1032.0
2025-01-01,1043.6136363636363,1053.5
2025-02-01,1058.425,1064.75
2025-03-01,1068.9722222222222,1074.0
2025-04-01,1124.092105263158,1170.0
2025-05-01,1148.3,1188.0
2025-06-01,1180.7368421052631,1205.0
2025-07-01,1269.7954545454545,1374.0
2025-08-01,1328.25,1342.0
2025-09-01,1401.0681818181818,1380.0
2025-10-01,1435.090909090909,1445.0
2025-11-01,1428.1470588235295,1451.5
2025-12-01,1447.95,1455.0
2026-01-01,1448.952380952381,1447.0
2026-02-01,1408.388888888889,1397.0
2026-03-01,1395.95,1382.0
2026-04-01,1382.175,1391.0
2026-05-01,1397.7105263157894,1408.0
2026-06-01,1450.8809523809523,1482.0
2026-07-01,1485.9761904761904,1485.0
2026-08-01,1499.925,1508.5
2026-09-01,1510.6,1507.5
