serie,modelo,inicio_test,fin_test,meses_previstos,meses_evaluados,cobertura_pct,evaluacion_completa,MAE,RMSE,MAPE_pct,meses_validos_MAPE,ceros_excluidos_MAPE,acierto_signo_pct,meses_provisorios
biodiesel,ultimo_valor,2025-09,2026-08,12,12,100.0,True,16962.997499999998,20176.44677425987,18.159689060296586,12,0,0.0,12.0
biodiesel,estacional,2025-09,2026-08,12,12,100.0,True,15707.953333333338,20746.474119604845,15.780798017888,12,0,58.333333333333336,12.0
bioetanol_total,ultimo_valor,2025-09,2026-08,12,12,100.0,True,10882.071666666665,14046.584033507932,10.304234434582357,12,0,0.0,12.0
bioetanol_total,estacional,2025-09,2026-08,12,12,100.0,True,5327.0191666666615,7882.482939569754,5.005413616537179,12,0,66.66666666666666,12.0
bioetanol_maiz,ultimo_valor,2025-09,2026-08,12,12,100.0,True,4270.634166666664,5649.318835010848,6.557779216516306,12,0,0.0,12.0
bioetanol_maiz,estacional,2025-09,2026-08,12,12,100.0,True,4391.306666666664,5208.944512173264,6.55303620403772,12,0,58.333333333333336,12.0
bioetanol_cana,ultimo_valor,2025-09,2026-08,12,12,100.0,True,9046.251666666663,11423.262175617056,28.44639527067721,12,0,0.0,12.0
bioetanol_cana,estacional,2025-09,2026-08,12,12,100.0,True,4404.920000000002,6252.53642345915,15.531350001609049,12,0,91.66666666666666,12.0
biodiesel,x13,2025-09,2026-08,12,12,100.0,True,12717.817095354128,17620.516934998897,13.053833884724392,12,0,75.0,
bioetanol_total,x13,2025-09,2026-08,12,12,100.0,True,8210.971331492,10379.587908249414,7.779916606051267,12,0,75.0,
bioetanol_maiz,x13,2025-09,2026-08,12,12,100.0,True,3810.850857393247,4572.108769661925,5.884717306988114,12,0,58.333333333333336,
bioetanol_cana,x13,2025-09,2026-08,12,12,100.0,True,4906.89588700626,6329.24585387551,17.724671724923926,12,0,83.33333333333334,
