serie,modelo,fecha,real,real_anterior,prediccion,error,acierto_signo,estado,motivo
biodiesel,x13,2025-09-01,101306.38,95491.48,92590.7084344127,-8715.671565587298,0,ok,
biodiesel,x13,2025-10-01,81462.05,101306.38,80457.8596457941,-1004.1903542059008,1,ok,
biodiesel,x13,2025-11-01,65351.41,81462.05,82716.6306785559,17365.220678555896,0,ok,
biodiesel,x13,2025-12-01,74936.52,65351.41,70137.5626780966,-4798.957321903406,1,ok,
biodiesel,x13,2026-01-01,90116.0,74936.52,77252.6310604139,-12863.3689395861,1,ok,
biodiesel,x13,2026-02-01,67335.58,90116.0,78981.923141315,11646.343141314996,1,ok,
biodiesel,x13,2026-03-01,67947.19,67335.58,71301.0883751119,3353.898375111894,1,ok,
biodiesel,x13,2026-04-01,83163.57,67947.19,71477.4794352731,-11686.09056472691,1,ok,
biodiesel,x13,2026-05-01,93100.66,83163.57,85014.3582360052,-8086.301763994808,1,ok,
biodiesel,x13,2026-06-01,118583.51,93100.66,102437.36208913,-16146.14791087,1,ok,
biodiesel,x13,2026-07-01,101096.99,118583.51,108033.382027846,6936.392027845999,1,ok,
biodiesel,x13,2026-08-01,146603.63,101096.99,96592.4074994537,-50011.22250054631,0,ok,
bioetanol_total,x13,2025-09-01,116878.04,137373.4,134037.91165531,17159.871655309995,1,ok,
bioetanol_total,x13,2025-10-01,113031.74,116878.04,112789.818260163,-241.92173983700923,1,ok,
bioetanol_total,x13,2025-11-01,115067.4,113031.74,110447.655716902,-4619.744283098,0,ok,
bioetanol_total,x13,2025-12-01,97879.24,115067.4,116986.576908188,19107.336908187994,0,ok,
bioetanol_total,x13,2026-01-01,95946.0,97879.24,94059.1015230447,-1886.8984769553063,1,ok,
bioetanol_total,x13,2026-02-01,99464.81,95946.0,90553.9955519518,-8910.8144480482,0,ok,
bioetanol_total,x13,2026-03-01,100773.01,99464.81,99550.6609139261,-1222.3490860738966,1,ok,
bioetanol_total,x13,2026-04-01,80017.44,100773.01,91045.2019646466,11027.761964646605,1,ok,
bioetanol_total,x13,2026-05-01,102404.79,80017.44,90824.004907091,-11580.785092908991,1,ok,
bioetanol_total,x13,2026-06-01,113204.07,102404.79,120211.680402662,7007.610402661987,1,ok,
bioetanol_total,x13,2026-07-01,136862.89,113204.07,121969.04686988,-14893.843130120018,1,ok,
bioetanol_total,x13,2026-08-01,139521.0,136862.89,140393.718790056,872.7187900560093,1,ok,
bioetanol_maiz,x13,2025-09-01,57506.55,69590.77,67033.0776391398,9526.527639139793,1,ok,
bioetanol_maiz,x13,2025-10-01,56781.55,57506.55,61492.1670192275,4710.617019227495,0,ok,
bioetanol_maiz,x13,2025-11-01,65081.87,56781.55,61233.9243981697,-3847.9456018303026,1,ok,
bioetanol_maiz,x13,2025-12-01,65267.72,65081.87,65005.9693599625,-261.75064003749867,0,ok,
bioetanol_maiz,x13,2026-01-01,62776.0,65267.72,64682.9640707818,1906.9640707818035,1,ok,
bioetanol_maiz,x13,2026-02-01,69980.28,62776.0,63829.2592598255,-6151.020740174499,1,ok,
bioetanol_maiz,x13,2026-03-01,70109.42,69980.28,68383.1743329325,-1726.245667067502,0,ok,
bioetanol_maiz,x13,2026-04-01,66229.96,70109.42,68436.0313182195,2206.0713182194886,1,ok,
bioetanol_maiz,x13,2026-05-01,68786.37,66229.96,67081.6918223393,-1704.678177660695,1,ok,
bioetanol_maiz,x13,2026-06-01,64872.36,68786.37,69006.4096508206,4134.049650820598,0,ok,
bioetanol_maiz,x13,2026-07-01,73272.73,64872.36,66486.4481671417,-6786.281832858294,1,ok,
bioetanol_maiz,x13,2026-08-01,74649.56,73272.73,71881.502069099,-2768.057930900992,0,ok,
bioetanol_cana,x13,2025-09-01,59371.49,67782.63,62858.8417590385,3487.3517590385018,1,ok,
bioetanol_cana,x13,2025-10-01,56250.19,59371.49,58501.9226874398,2251.7326874397986,1,ok,
bioetanol_cana,x13,2025-11-01,49985.53,56250.19,48584.4240395761,-1401.105960423898,1,ok,
bioetanol_cana,x13,2025-12-01,32611.52,49985.53,36502.001324869,3890.4813248690007,1,ok,
bioetanol_cana,x13,2026-01-01,33170.0,32611.52,31792.4957281682,-1377.5042718318,0,ok,
bioetanol_cana,x13,2026-02-01,29484.53,33170.0,26881.6330759365,-2602.896924063498,1,ok,
bioetanol_cana,x13,2026-03-01,30663.59,29484.53,26844.0967302093,-3819.493269790699,0,ok,
bioetanol_cana,x13,2026-04-01,13787.48,30663.59,28032.4367264208,14244.956726420802,1,ok,
bioetanol_cana,x13,2026-05-01,33618.42,13787.48,22312.4685672603,-11305.951432739697,1,ok,
bioetanol_cana,x13,2026-06-01,48331.71,33618.42,54235.0652700221,5903.355270022104,1,ok,
bioetanol_cana,x13,2026-07-01,63590.16,48331.71,56084.5504489974,-7505.609551002606,1,ok,
bioetanol_cana,x13,2026-08-01,64872.27,63590.16,65964.5814664327,1092.3114664327077,1,ok,
