serie,modelo,fecha,real,real_anterior,prediccion,error,acierto_signo,estado,motivo,provisorio
biodiesel,ultimo_valor,2025-09-01,101306.38,95491.48,95491.48,-5814.900000000009,0,ok,,True
biodiesel,ultimo_valor,2025-10-01,81462.05,101306.38,101306.38,19844.33,0,ok,,True
biodiesel,ultimo_valor,2025-11-01,65351.41,81462.05,81462.05,16110.64,0,ok,,True
biodiesel,ultimo_valor,2025-12-01,74936.52,65351.41,65351.41,-9585.11,0,ok,,True
biodiesel,ultimo_valor,2026-01-01,90116.0,74936.52,74936.52,-15179.479999999996,0,ok,,True
biodiesel,ultimo_valor,2026-02-01,67335.58,90116.0,90116.0,22780.42,0,ok,,True
biodiesel,ultimo_valor,2026-03-01,67947.19,67335.58,67335.58,-611.6100000000006,0,ok,,True
biodiesel,ultimo_valor,2026-04-01,83163.57,67947.19,67947.19,-15216.380000000005,0,ok,,True
biodiesel,ultimo_valor,2026-05-01,93100.66,83163.57,83163.57,-9937.089999999997,0,ok,,True
biodiesel,ultimo_valor,2026-06-01,118583.51,93100.66,93100.66,-25482.84999999999,0,ok,,True
biodiesel,ultimo_valor,2026-07-01,101096.99,118583.51,118583.51,17486.51999999999,0,ok,,True
biodiesel,ultimo_valor,2026-08-01,146603.63,101096.99,101096.99,-45506.64,0,ok,,True
biodiesel,estacional,2025-09-01,101306.38,95491.48,71382.26999999997,-29924.11000000003,0,ok,,True
biodiesel,estacional,2025-10-01,81462.05,101306.38,78915.23,-2546.820000000007,1,ok,,True
biodiesel,estacional,2025-11-01,65351.41,81462.05,77239.37999999999,11887.969999999987,1,ok,,True
biodiesel,estacional,2025-12-01,74936.52,65351.41,83733.73000000001,8797.210000000006,1,ok,,True
biodiesel,estacional,2026-01-01,90116.0,74936.52,66538.24,-23577.759999999995,0,ok,,True
biodiesel,estacional,2026-02-01,67335.58,90116.0,64095.18,-3240.4000000000015,1,ok,,True
biodiesel,estacional,2026-03-01,67947.19,67335.58,69635.56,1688.3699999999953,1,ok,,True
biodiesel,estacional,2026-04-01,83163.57,67947.19,65742.52,-17421.050000000003,0,ok,,True
biodiesel,estacional,2026-05-01,93100.66,83163.57,74713.37,-18387.290000000008,0,ok,,True
biodiesel,estacional,2026-06-01,118583.51,93100.66,105251.56,-13331.949999999997,1,ok,,True
biodiesel,estacional,2026-07-01,101096.99,118583.51,107677.35,6580.360000000001,1,ok,,True
biodiesel,estacional,2026-08-01,146603.63,101096.99,95491.48,-51112.15000000001,0,ok,,True
bioetanol_total,ultimo_valor,2025-09-01,116878.04,137373.4,137373.4,20495.36,0,ok,,True
bioetanol_total,ultimo_valor,2025-10-01,113031.74,116878.04,116878.04,3846.2999999999884,0,ok,,True
bioetanol_total,ultimo_valor,2025-11-01,115067.4,113031.74,113031.74,-2035.659999999989,0,ok,,True
bioetanol_total,ultimo_valor,2025-12-01,97879.24,115067.4,115067.4,17188.15999999999,0,ok,,True
bioetanol_total,ultimo_valor,2026-01-01,95946.0,97879.24,97879.24,1933.2400000000052,0,ok,,True
bioetanol_total,ultimo_valor,2026-02-01,99464.81,95946.0,95946.0,-3518.8099999999977,0,ok,,True
bioetanol_total,ultimo_valor,2026-03-01,100773.01,99464.81,99464.81,-1308.199999999997,0,ok,,True
bioetanol_total,ultimo_valor,2026-04-01,80017.44,100773.01,100773.01,20755.569999999992,0,ok,,True
bioetanol_total,ultimo_valor,2026-05-01,102404.79,80017.44,80017.44,-22387.34999999999,0,ok,,True
bioetanol_total,ultimo_valor,2026-06-01,113204.07,102404.79,102404.79,-10799.280000000013,0,ok,,True
bioetanol_total,ultimo_valor,2026-07-01,136862.89,113204.07,113204.07,-23658.820000000007,0,ok,,True
bioetanol_total,ultimo_valor,2026-08-01,139521.0,136862.89,136862.89,-2658.109999999986,0,ok,,True
bioetanol_total,estacional,2025-09-01,116878.04,137373.4,118664.67,1786.6300000000047,1,ok,,True
bioetanol_total,estacional,2025-10-01,113031.74,116878.04,113364.03,332.2899999999936,1,ok,,True
bioetanol_total,estacional,2025-11-01,115067.4,113031.74,93813.58000000002,-21253.819999999978,0,ok,,True
bioetanol_total,estacional,2025-12-01,97879.24,115067.4,97914.01,34.76999999998952,1,ok,,True
bioetanol_total,estacional,2026-01-01,95946.0,97879.24,99412.73,3466.729999999996,0,ok,,True
bioetanol_total,estacional,2026-02-01,99464.81,95946.0,89746.08000000002,-9718.729999999981,0,ok,,True
bioetanol_total,estacional,2026-03-01,100773.01,99464.81,94684.82,-6088.189999999988,0,ok,,True
bioetanol_total,estacional,2026-04-01,80017.44,100773.01,88223.86,8206.419999999998,1,ok,,True
bioetanol_total,estacional,2026-05-01,102404.79,80017.44,100442.38,-1962.409999999989,1,ok,,True
bioetanol_total,estacional,2026-06-01,113204.07,102404.79,113706.02,501.9499999999971,1,ok,,True
bioetanol_total,estacional,2026-07-01,136862.89,113204.07,128438.2,-8424.690000000017,1,ok,,True
bioetanol_total,estacional,2026-08-01,139521.0,136862.89,137373.4,-2147.600000000006,1,ok,,True
bioetanol_maiz,ultimo_valor,2025-09-01,57506.55,69590.77,69590.77,12084.220000000001,0,ok,,True
bioetanol_maiz,ultimo_valor,2025-10-01,56781.55,57506.55,57506.55,725.0,0,ok,,True
bioetanol_maiz,ultimo_valor,2025-11-01,65081.87,56781.55,56781.55,-8300.32,0,ok,,True
bioetanol_maiz,ultimo_valor,2025-12-01,65267.72,65081.87,65081.87,-185.84999999999854,0,ok,,True
bioetanol_maiz,ultimo_valor,2026-01-01,62776.0,65267.72,65267.72,2491.720000000001,0,ok,,True
bioetanol_maiz,ultimo_valor,2026-02-01,69980.28,62776.0,62776.0,-7204.279999999999,0,ok,,True
bioetanol_maiz,ultimo_valor,2026-03-01,70109.42,69980.28,69980.28,-129.13999999999942,0,ok,,True
bioetanol_maiz,ultimo_valor,2026-04-01,66229.96,70109.42,70109.42,3879.459999999992,0,ok,,True
bioetanol_maiz,ultimo_valor,2026-05-01,68786.37,66229.96,66229.96,-2556.409999999989,0,ok,,True
bioetanol_maiz,ultimo_valor,2026-06-01,64872.36,68786.37,68786.37,3914.0099999999948,0,ok,,True
bioetanol_maiz,ultimo_valor,2026-07-01,73272.73,64872.36,64872.36,-8400.369999999995,0,ok,,True
bioetanol_maiz,ultimo_valor,2026-08-01,74649.56,73272.73,73272.73,-1376.8300000000017,0,ok,,True
bioetanol_maiz,estacional,2025-09-01,57506.55,69590.77,59241.25,1734.699999999997,1,ok,,True
bioetanol_maiz,estacional,2025-10-01,56781.55,57506.55,58552.41,1770.8600000000006,0,ok,,True
bioetanol_maiz,estacional,2025-11-01,65081.87,56781.55,57067.89000000001,-8013.979999999996,1,ok,,True
bioetanol_maiz,estacional,2025-12-01,65267.72,65081.87,70137.01,4869.289999999994,1,ok,,True
bioetanol_maiz,estacional,2026-01-01,62776.0,65267.72,66084.84,3308.8399999999965,0,ok,,True
bioetanol_maiz,estacional,2026-02-01,69980.28,62776.0,60767.79000000001,-9212.48999999999,0,ok,,True
bioetanol_maiz,estacional,2026-03-01,70109.42,69980.28,69438.16,-671.2599999999948,0,ok,,True
bioetanol_maiz,estacional,2026-04-01,66229.96,70109.42,61477.82,-4752.140000000007,1,ok,,True
bioetanol_maiz,estacional,2026-05-01,68786.37,66229.96,68665.98,-120.38999999999942,1,ok,,True
bioetanol_maiz,estacional,2026-06-01,64872.36,68786.37,57993.12,-6879.239999999998,1,ok,,True
bioetanol_maiz,estacional,2026-07-01,73272.73,64872.36,66969.03,-6303.699999999997,1,ok,,True
bioetanol_maiz,estacional,2026-08-01,74649.56,73272.73,69590.77,-5058.789999999994,0,ok,,True
bioetanol_cana,ultimo_valor,2025-09-01,59371.49,67782.63,67782.63,8411.140000000007,0,ok,,True
bioetanol_cana,ultimo_valor,2025-10-01,56250.19,59371.49,59371.49,3121.2999999999956,0,ok,,True
bioetanol_cana,ultimo_valor,2025-11-01,49985.53,56250.19,56250.19,6264.6600000000035,0,ok,,True
bioetanol_cana,ultimo_valor,2025-12-01,32611.52,49985.53,49985.53,17374.01,0,ok,,True
bioetanol_cana,ultimo_valor,2026-01-01,33170.0,32611.52,32611.52,-558.4799999999996,0,ok,,True
bioetanol_cana,ultimo_valor,2026-02-01,29484.53,33170.0,33170.0,3685.470000000001,0,ok,,True
bioetanol_cana,ultimo_valor,2026-03-01,30663.59,29484.53,29484.53,-1179.0600000000013,0,ok,,True
bioetanol_cana,ultimo_valor,2026-04-01,13787.48,30663.59,30663.59,16876.11,0,ok,,True
bioetanol_cana,ultimo_valor,2026-05-01,33618.42,13787.48,13787.48,-19830.94,0,ok,,True
bioetanol_cana,ultimo_valor,2026-06-01,48331.71,33618.42,33618.42,-14713.29,0,ok,,True
bioetanol_cana,ultimo_valor,2026-07-01,63590.16,48331.71,48331.71,-15258.450000000004,0,ok,,True
bioetanol_cana,ultimo_valor,2026-08-01,64872.27,63590.16,63590.16,-1282.1099999999933,0,ok,,True
bioetanol_cana,estacional,2025-09-01,59371.49,67782.63,59423.42000000001,51.93000000001484,1,ok,,True
bioetanol_cana,estacional,2025-10-01,56250.19,59371.49,54811.62,-1438.5699999999997,1,ok,,True
bioetanol_cana,estacional,2025-11-01,49985.53,56250.19,36745.69,-13239.839999999997,1,ok,,True
bioetanol_cana,estacional,2025-12-01,32611.52,49985.53,27777.0,-4834.52,1,ok,,True
bioetanol_cana,estacional,2026-01-01,33170.0,32611.52,33327.89,157.88999999999942,1,ok,,True
bioetanol_cana,estacional,2026-02-01,29484.53,33170.0,28978.29,-506.23999999999796,1,ok,,True
bioetanol_cana,estacional,2026-03-01,30663.59,29484.53,25246.66,-5416.93,0,ok,,True
bioetanol_cana,estacional,2026-04-01,13787.48,30663.59,26746.04,12958.560000000001,1,ok,,True
bioetanol_cana,estacional,2026-05-01,33618.42,13787.48,31776.4,-1842.0199999999968,1,ok,,True
bioetanol_cana,estacional,2026-06-01,48331.71,33618.42,55712.9,7381.190000000002,1,ok,,True
bioetanol_cana,estacional,2026-07-01,63590.16,48331.71,61469.17,-2120.9900000000052,1,ok,,True
bioetanol_cana,estacional,2026-08-01,64872.27,63590.16,67782.63,2910.360000000008,1,ok,,True
